Serial No,Name,Type,Region
1,Bulbasaur,Grass/Poison,Kanto
2,Ivysaur,Grass/Poison,Kanto
3,Venusaur,Grass/Poison,Kanto
4,Charmander,Fire,Kanto
5,Charmeleon,Fire,Kanto
6,Charizard,Fire/Flying,Kanto
7,Squirtle,Water,Kanto
8,Wartortle,Water,Kanto
9,Blastoise,Water,Kanto
10,Caterpie,Bug,Kanto
11,Metapod,Bug,Kanto
12,Butterfree,Bug/Flying,Kanto
13,Weedle,Bug/Poison,Kanto
14,Kakuna,Bug/Poison,Kanto
15,Beedrill,Bug/Poison,Kanto
16,Pidgey,Normal/Flying,Kanto
17,Pidgeotto,Normal/Flying,Kanto
18,Pidgeot,Normal/Flying,Kanto
19,Rattata,Normal,Kanto
20,Raticate,Normal,Kanto
21,Spearow,Normal/Flying,Kanto
22,Fearow,Normal/Flying,Kanto
23,Ekans,Poison,Kanto
24,Arbok,Poison,Kanto
25,Pikachu,Electric,Kanto
26,Raichu,Electric,Kanto
27,Sandshrew,Ground,Kanto
28,Sandslash,Ground,Kanto
29,Nidoran (Female),Poison,Kanto
30,Nidorina,Poison,Kanto
31,Nidoqueen,Poison/Ground,Kanto
32,Nidoran (Male),Poison,Kanto
33,Nidorino,Poison,Kanto
34,Nidoking,Poison/Ground,Kanto
35,Clefairy,Fairy,Kanto
36,Clefable,Fairy,Kanto
37,Vulpix,Fire,Kanto
38,Ninetales,Fire,Kanto
39,Jigglypuff,Normal/Fairy,Kanto
40,Wigglytuff,Normal/Fairy,Kanto
41,Zubat,Poison/Flying,Kanto
42,Golbat,Poison/Flying,Kanto
43,Oddish,Grass/Poison,Kanto
44,Gloom,Grass/Poison,Kanto
45,Vileplume,Grass/Poison,Kanto
46,Paras,Bug/Grass,Kanto
47,Parasect,Bug/Grass,Kanto
48,Venonat,Bug/Poison,Kanto
49,Venomoth,Bug/Poison,Kanto
50,Diglett,Ground,Kanto
51,Dugtrio,Ground,Kanto
52,Meowth,Normal,Kanto
53,Persian,Normal,Kanto
54,Psyduck,Water,Kanto
55,Golduck,Water,Kanto
56,Mankey,Fighting,Kanto
57,Primeape,Fighting,Kanto
58,Growlithe,Fire,Kanto
59,Arcanine,Fire,Kanto
60,Poliwag,Water,Kanto
61,Poliwhirl,Water,Kanto
62,Poliwrath,Water/Fighting,Kanto
63,Abra,Psychic,Kanto
64,Kadabra,Psychic,Kanto
65,Alakazam,Psychic,Kanto
66,Machop,Fighting,Kanto
67,Machoke,Fighting,Kanto
68,Machamp,Fighting,Kanto
69,Bellsprout,Grass/Poison,Kanto
70,Weepinbell,Grass/Poison,Kanto
71,Victreebel,Grass/Poison,Kanto
72,Tentacool,Water/Poison,Kanto
73,Tentacruel,Water/Poison,Kanto
74,Geodude,Rock/Ground,Kanto
75,Graveler,Rock/Ground,Kanto
76,Golem,Rock/Ground,Kanto
77,Ponyta,Fire,Kanto
78,Rapidash,Fire,Kanto
79,Slowpoke,Water/Psychic,Kanto
80,Slowbro,Water/Psychic,Kanto
81,Magnemite,Electric/Steel,Kanto
82,Magneton,Electric/Steel,Kanto
83,Farfetch'd,Normal/Flying,Kanto
84,Doduo,Normal/Flying,Kanto
85,Dodrio,Normal/Flying,Kanto
86,Seel,Water,Kanto
87,Dewgong,Water/Ice,Kanto
88,Grimer,Poison,Kanto
89,Muk,Poison,Kanto
90,Shellder,Water,Kanto
91,Cloyster,Water/Ice,Kanto
92,Gastly,Ghost/Poison,Kanto
93,Haunter,Ghost/Poison,Kanto
94,Gengar,Ghost/Poison,Kanto
95,Onix,Rock/Ground,Kanto
96,Drowzee,Psychic,Kanto
97,Hypno,Psychic,Kanto
98,Krabby,Water,Kanto
99,Kingler,Water,Kanto
100,Voltorb,Electric,Kanto
101,Electrode,Electric,Kanto
102,Exeggcute,Grass/Psychic,Kanto
103,Exeggutor,Grass/Psychic,Kanto
104,Cubone,Ground,Kanto
105,Marowak,Ground,Kanto
106,Hitmonlee,Fighting,Kanto
107,Hitmonchan,Fighting,Kanto
108,Lickitung,Normal,Kanto
109,Koffing,Poison,Kanto
110,Weezing,Poison,Kanto
111,Rhyhorn,Ground/Rock,Kanto
112,Rhydon,Ground/Rock,Kanto
113,Chansey,Normal,Kanto
114,Tangela,Grass,Kanto
115,Kangaskhan,Normal,Kanto
116,Horsea,Water,Kanto
117,Seadra,Water,Kanto
118,Goldeen,Water,Kanto
119,Seaking,Water,Kanto
120,Staryu,Water,Kanto
121,Starmie,Water/Psychic,Kanto
122,Mr. Mime,Psychic/Fairy,Kanto
123,Scyther,Bug/Flying,Kanto
124,Jynx,Ice/Psychic,Kanto
125,Electabuzz,Electric,Kanto
126,Magmar,Fire,Kanto
127,Pinsir,Bug,Kanto
128,Tauros,Normal,Kanto
129,Magikarp,Water,Kanto
130,Gyarados,Water/Flying,Kanto
131,Lapras,Water/Ice,Kanto
132,Ditto,Normal,Kanto
133,Eevee,Normal,Kanto
134,Vaporeon,Water,Kanto
135,Jolteon,Electric,Kanto
136,Flareon,Fire,Kanto
137,Porygon,Normal,Kanto
138,Omanyte,Rock/Water,Kanto
139,Omastar,Rock/Water,Kanto
140,Kabuto,Rock/Water,Kanto
141,Kabutops,Rock/Water,Kanto
142,Aerodactyl,Rock/Flying,Kanto
143,Snorlax,Normal,Kanto
144,Articuno,Ice/Flying,Kanto
145,Zapdos,Electric/Flying,Kanto
146,Moltres,Fire/Flying,Kanto
147,Dratini,Dragon,Kanto
148,Dragonair,Dragon,Kanto
149,Dragonite,Dragon/Flying,Kanto
150,Mewtwo,Psychic,Kanto
151,Mew,Psychic,Kanto
152,Chikorita,Grass,Johto
153,Bayleef,Grass,Johto
154,Meganium,Grass,Johto
155,Cyndaquil,Fire,Johto
156,Quilava,Fire,Johto
157,Typhlosion,Fire,Johto
158,Totodile,Water,Johto
159,Croconaw,Water,Johto
160,Feraligatr,Water,Johto
161,Sentret,Normal,Johto
162,Furret,Normal,Johto
163,Hoothoot,Normal/Flying,Johto
164,Noctowl,Normal/Flying,Johto
165,Ledyba,Bug/Flying,Johto
166,Ledian,Bug/Flying,Johto
167,Spinarak,Bug/Poison,Johto
168,Ariados,Bug/Poison,Johto
169,Crobat,Poison/Flying,Johto
170,Chinchou,Water/Electric,Johto
171,Lanturn,Water/Electric,Johto
172,Pichu,Electric,Johto
173,Cleffa,Fairy,Johto
174,Igglybuff,Normal/Fairy,Johto
175,Togepi,Fairy,Johto
176,Togetic,Fairy/Flying,Johto
177,Natu,Psychic/Flying,Johto
178,Xatu,Psychic/Flying,Johto
179,Mareep,Electric,Johto
180,Flaaffy,Electric,Johto
181,Ampharos,Electric,Johto
182,Bellossom,Grass,Johto
183,Marill,Water/Fairy,Johto
184,Azumarill,Water/Fairy,Johto
185,Sudowoodo,Rock,Johto
186,Politoed,Water,Johto
187,Hoppip,Grass/Flying,Johto
188,Skiploom,Grass/Flying,Johto
189,Jumpluff,Grass/Flying,Johto
190,Aipom,Normal,Johto
191,Sunkern,Grass,Johto
192,Sunflora,Grass,Johto
193,Yanma,Bug/Flying,Johto
194,Wooper,Water/Ground,Johto
195,Quagsire,Water/Ground,Johto
196,Espeon,Psychic,Johto
197,Umbreon,Dark,Johto
198,Murkrow,Dark/Flying,Johto
199,Slowking,Water/Psychic,Johto
200,Misdreavus,Ghost,Johto
201,Unown,Psychic,Johto
202,Wobbuffet,Psychic,Johto
203,Girafarig,Normal/Psychic,Johto
204,Pineco,Bug,Johto
205,Forretress,Bug/Steel,Johto
206,Dunsparce,Normal,Johto
207,Gligar,Ground/Flying,Johto
208,Steelix,Steel/Ground,Johto
209,Snubbull,Fairy,Johto
210,Granbull,Fairy,Johto
211,Qwilfish,Water/Poison,Johto
212,Scizor,Bug/Steel,Johto
213,Shuckle,Bug/Rock,Johto
214,Heracross,Bug/Fighting,Johto
215,Sneasel,Dark/Ice,Johto
216,Teddiursa,Normal,Johto
217,Ursaring,Normal,Johto
218,Slugma,Fire,Johto
219,Magcargo,Fire/Rock,Johto
220,Swinub,Ice/Ground,Johto
221,Piloswine,Ice/Ground,Johto
222,Corsola,Water/Rock,Johto
223,Remoraid,Water,Johto
224,Octillery,Water,Johto
225,Delibird,Ice/Flying,Johto
226,Mantine,Water/Flying,Johto
227,Skarmory,Steel/Flying,Johto
228,Houndour,Dark/Fire,Johto
229,Houndoom,Dark/Fire,Johto
230,Kingdra,Water/Dragon,Johto
231,Phanpy,Ground,Johto
232,Donphan,Ground,Johto
233,Porygon2,Normal,Johto
234,Stantler,Normal,Johto
235,Smeargle,Normal,Johto
236,Tyrogue,Fighting,Johto
237,Hitmontop,Fighting,Johto
238,Smoochum,Ice/Psychic,Johto
239,Elekid,Electric,Johto
240,Magby,Fire,Johto
241,Miltank,Normal,Johto
242,Blissey,Normal,Johto
243,Raikou,Electric,Johto
244,Entei,Fire,Johto
245,Suicune,Water,Johto
246,Larvitar,Rock/Ground,Johto
247,Pupitar,Rock/Ground,Johto
248,Tyranitar,Rock/Dark,Johto
249,Lugia,Psychic/Flying,Johto
250,Ho-oh,Fire/Flying,Johto
251,Celebi,Psychic/Grass,Johto
252,Treecko,Grass,Hoenn
253,Grovyle,Grass,Hoenn
254,Sceptile,Grass,Hoenn
255,Torchic,Fire,Hoenn
256,Combusken,Fire/Fighting,Hoenn
257,Blaziken,Fire/Fighting,Hoenn
258,Mudkip,Water,Hoenn
259,Marshtomp,Water/Ground,Hoenn
260,Swampert,Water/Ground,Hoenn
261,Poochyena,Dark,Hoenn
262,Mightyena,Dark,Hoenn
263,Zigzagoon,Normal,Hoenn
264,Linoone,Normal,Hoenn
265,Wurmple,Bug,Hoenn
266,Silcoon,Bug,Hoenn
267,Beautifly,Bug/Flying,Hoenn
268,Cascoon,Bug,Hoenn
269,Dustox,Bug/Poison,Hoenn
270,Lotad,Water/Grass,Hoenn
271,Lombre,Water/Grass,Hoenn
272,Ludicolo,Water/Grass,Hoenn
273,Seedot,Grass,Hoenn
274,Nuzleaf,Grass/Dark,Hoenn
275,Shiftry,Grass/Dark,Hoenn
276,Taillow,Normal/Flying,Hoenn
277,Swellow,Normal/Flying,Hoenn
278,Wingull,Water/Flying,Hoenn
279,Pelipper,Water/Flying,Hoenn
280,Ralts,Psychic/Fairy,Hoenn
281,Kirlia,Psychic/Fairy,Hoenn
282,Gardevoir,Psychic/Fairy,Hoenn
283,Surskit,Bug/Water,Hoenn
284,Masquerain,Bug/Flying,Hoenn
285,Shroomish,Grass,Hoenn
286,Breloom,Grass/Fighting,Hoenn
287,Slakoth,Normal,Hoenn
288,Vigoroth,Normal,Hoenn
289,Slaking,Normal,Hoenn
290,Nincada,Bug/Ground,Hoenn
291,Ninjask,Bug/Flying,Hoenn
292,Shedinja,Bug/Ghost,Hoenn
293,Whismur,Normal,Hoenn
294,Loudred,Normal,Hoenn
295,Exploud,Normal,Hoenn
296,Makuhita,Fighting,Hoenn
297,Hariyama,Fighting,Hoenn
298,Azurill,Normal/Fairy,Hoenn
299,Nosepass,Rock,Hoenn
300,Skitty,Normal,Hoenn
301,Delcatty,Normal,Hoenn
302,Sableye,Dark/Ghost,Hoenn
303,Mawile,Steel/Fairy,Hoenn
304,Aron,Steel/Rock,Hoenn
305,Lairon,Steel/Rock,Hoenn
306,Aggron,Steel/Rock,Hoenn
307,Meditite,Fighting/Psychic,Hoenn
308,Medicham,Fighting/Psychic,Hoenn
309,Electrike,Electric,Hoenn
310,Manectric,Electric,Hoenn
311,Plusle,Electric,Hoenn
312,Minun,Electric,Hoenn
313,Volbeat,Bug,Hoenn
314,Illumise,Bug,Hoenn
315,Roselia,Grass/Poison,Hoenn
316,Gulpin,Poison,Hoenn
317,Swalot,Poison,Hoenn
318,Carvanha,Water/Dark,Hoenn
319,Sharpedo,Water/Dark,Hoenn
320,Wailmer,Water,Hoenn
321,Wailord,Water,Hoenn
322,Numel,Fire/Ground,Hoenn
323,Camerupt,Fire/Ground,Hoenn
324,Torkoal,Fire,Hoenn
325,Spoink,Psychic,Hoenn
326,Grumpig,Psychic,Hoenn
327,Spinda,Normal,Hoenn
328,Trapinch,Ground,Hoenn
329,Vibrava,Ground/Dragon,Hoenn
330,Flygon,Ground/Dragon,Hoenn
331,Cacnea,Grass,Hoenn
332,Cacturne,Grass/Dark,Hoenn
333,Swablu,Normal/Flying,Hoenn
334,Altaria,Dragon/Flying,Hoenn
335,Zangoose,Normal,Hoenn
336,Seviper,Poison,Hoenn
337,Lunatone,Rock/Psychic,Hoenn
338,Solrock,Rock/Psychic,Hoenn
339,Barboach,Water/Ground,Hoenn
340,Whiscash,Water/Ground,Hoenn
341,Corphish,Water,Hoenn
342,Crawdaunt,Water/Dark,Hoenn
343,Baltoy,Ground/Psychic,Hoenn
344,Claydol,Ground/Psychic,Hoenn
345,Lileep,Rock/Grass,Hoenn
346,Cradily,Rock/Grass,Hoenn
347,Anorith,Rock/Bug,Hoenn
348,Armaldo,Rock/Bug,Hoenn
349,Feebas,Water,Hoenn
350,Milotic,Water,Hoenn
351,Castform,Normal,Hoenn
352,Castform (Sunny Form),Fire,Hoenn
353,Castform (Rainy Form),Water,Hoenn
354,Castform (Snowy Form),Ice,Hoenn
355,Kecleon,Normal,Hoenn
356,Shuppet,Ghost,Hoenn
357,Banette,Ghost,Hoenn
358,Duskull,Ghost,Hoenn
359,Dusclops,Ghost,Hoenn
360,Tropius,Grass/Flying,Hoenn
361,Chimecho,Psychic,Hoenn
362,Absol,Dark,Hoenn
363,Wynaut,Psychic,Hoenn
364,Snorunt,Ice,Hoenn
365,Glalie,Ice,Hoenn
366,Spheal,Ice/Water,Hoenn
367,Sealeo,Ice/Water,Hoenn
368,Walrein,Ice/Water,Hoenn
369,Clamperl,Water,Hoenn
370,Huntail,Water,Hoenn
371,Gorebyss,Water,Hoenn
372,Relicanth,Water/Rock,Hoenn
373,Luvdisc,Water,Hoenn
374,Bagon,Dragon,Hoenn
375,Shelgon,Dragon,Hoenn
376,Salamence,Dragon/Flying,Hoenn
377,Beldum,Steel/Psychic,Hoenn
378,Metang,Steel/Psychic,Hoenn
379,Metagross,Steel/Psychic,Hoenn
380,Regirock,Rock,Hoenn
381,Regice,Ice,Hoenn
382,Registeel,Steel,Hoenn
383,Latias,Dragon/Psychic,Hoenn
384,Latios,Dragon/Psychic,Hoenn
385,Kyogre,Water,Hoenn
386,Groudon,Ground,Hoenn
387,Rayquaza,Dragon/Flying,Hoenn
388,Jirachi,Steel/Psychic,Hoenn
389,Deoxys (Normal Forme),Psychic,Hoenn
390,Deoxys (Attack Forme),Psychic,Hoenn
391,Deoxys (Defense Forme),Psychic,Hoenn
392,Deoxys (Speed Forme),Psychic,Hoenn
393,Turtwig,Grass,Sinnoh
394,Grotle,Grass,Sinnoh
395,Torterra,Grass/Ground,Sinnoh
396,Chimchar,Fire,Sinnoh
397,Monferno,Fire/Fighting,Sinnoh
398,Infernape,Fire/Fighting,Sinnoh
399,Piplup,Water,Sinnoh
400,Prinplup,Water,Sinnoh
401,Empoleon,Water/Steel,Sinnoh
402,Starly,Normal/Flying,Sinnoh
403,Staravia,Normal/Flying,Sinnoh
404,Staraptor,Normal/Flying,Sinnoh
405,Bidoof,Normal,Sinnoh
406,Bibarel,Normal/Water,Sinnoh
407,Kricketot,Bug,Sinnoh
408,Kricketune,Bug,Sinnoh
409,Shinx,Electric,Sinnoh
410,Luxio,Electric,Sinnoh
411,Luxray,Electric,Sinnoh
412,Budew,Grass/Poison,Sinnoh
413,Roserade,Grass/Poison,Sinnoh
414,Cranidos,Rock,Sinnoh
415,Rampardos,Rock,Sinnoh
416,Shieldon,Rock/Steel,Sinnoh
417,Bastiodon,Rock/Steel,Sinnoh
418,Burmy (Plant Cloak),Bug,Sinnoh
419,Burmy (Sandy Cloak),Bug,Sinnoh
420,Burmy (Trash Cloak),Bug,Sinnoh
421,Wormadam (Plant Cloak),Bug/Grass,Sinnoh
422,Wormadam (Sandy Cloak),Bug/Ground,Sinnoh
423,Wormadam (Trash Cloak),Bug/Steel,Sinnoh
424,Mothim,Bug/Flying,Sinnoh
425,Combee,Bug/Flying,Sinnoh
426,Vespiquen,Bug/Flying,Sinnoh
427,Pachirisu,Electric,Sinnoh
428,Buizel,Water,Sinnoh
429,Floatzel,Water,Sinnoh
430,Cherubi,Grass,Sinnoh
431,Cherrim,Grass,Sinnoh
432,Shellos,Water,Sinnoh
433,Gastrodon,Water/Ground,Sinnoh
434,Ambipom,Normal,Sinnoh
435,Drifloon,Ghost/Flying,Sinnoh
436,Drifblim,Ghost/Flying,Sinnoh
437,Buneary,Normal,Sinnoh
438,Lopunny,Normal,Sinnoh
439,Mismagius,Ghost,Sinnoh
440,Honchkrow,Dark/Flying,Sinnoh
441,Glameow,Normal,Sinnoh
442,Purugly,Normal,Sinnoh
443,Chingling,Psychic,Sinnoh
444,Stunky,Poison/Dark,Sinnoh
445,Skuntank,Poison/Dark,Sinnoh
446,Bronzor,Steel/Psychic,Sinnoh
447,Bronzong,Steel/Psychic,Sinnoh
448,Bonsly,Rock,Sinnoh
449,Mime Jr.,Psychic/Fairy,Sinnoh
450,Happiny,Normal,Sinnoh
451,Chatot,Normal/Flying,Sinnoh
452,Spiritomb,Ghost/Dark,Sinnoh
453,Gible,Dragon/Ground,Sinnoh
454,Gabite,Dragon/Ground,Sinnoh
455,Garchomp,Dragon/Ground,Sinnoh
456,Munchlax,Normal,Sinnoh
457,Riolu,Fighting,Sinnoh
458,Lucario,Fighting/Steel,Sinnoh
459,Hippopotas,Ground,Sinnoh
460,Hippowdon,Ground,Sinnoh
461,Skorupi,Poison/Bug,Sinnoh
462,Drapion,Poison/Dark,Sinnoh
463,Croagunk,Poison/Fighting,Sinnoh
464,Toxicroak,Poison/Fighting,Sinnoh
465,Carnivine,Grass,Sinnoh
466,Finneon,Water,Sinnoh
467,Lumineon,Water,Sinnoh
468,Mantyke,Water/Flying,Sinnoh
469,Snover,Grass/Ice,Sinnoh
470,Abomasnow,Grass/Ice,Sinnoh
471,Weavile,Dark/Ice,Sinnoh
472,Magnezone,Electric/Steel,Sinnoh
473,Lickilicky,Normal,Sinnoh
474,Rhyperior,Ground/Rock,Sinnoh
475,Tangrowth,Grass,Sinnoh
476,Electivire,Electric,Sinnoh
477,Magmortar,Fire,Sinnoh
478,Togekiss,Fairy/Flying,Sinnoh
479,Yanmega,Bug/Flying,Sinnoh
480,Leafeon,Grass,Sinnoh
481,Glaceon,Ice,Sinnoh
482,Gliscor,Ground/Flying,Sinnoh
483,Mamoswine,Ice/Ground,Sinnoh
484,Porygon-Z,Normal,Sinnoh
485,Gallade,Psychic/Fighting,Sinnoh
486,Probopass,Rock/Steel,Sinnoh
487,Dusknoir,Ghost,Sinnoh
488,Froslass,Ice/Ghost,Sinnoh
489,Rotom,Electric/Ghost,Sinnoh
490,Rotom (Heat Rotom),Electric/Fire,Sinnoh
491,Rotom (Wash Rotom),Electric/Water,Sinnoh
492,Rotom (Frost Rotom),Electric/Ice,Sinnoh
493,Rotom (Fan Rotom),Electric/Flying,Sinnoh
494,Rotom (Mow Rotom),Electric/Grass,Sinnoh
495,Uxie,Psychic,Sinnoh
496,Mesprit,Psychic,Sinnoh
497,Azelf,Psychic,Sinnoh
498,Dialga,Steel/Dragon,Sinnoh
499,Palkia,Water/Dragon,Sinnoh
500,Heatran,Fire/Steel,Sinnoh
501,Regigigas,Normal,Sinnoh
502,Giratina (Altered Forme),Ghost/Dragon,Sinnoh
503,Giratina (Origin Forme),Ghost/Dragon,Sinnoh
504,Cresselia,Psychic,Sinnoh
505,Phione,Water,Sinnoh
506,Manaphy,Water,Sinnoh
507,Darkrai,Dark,Sinnoh
508,Shaymin (Land Forme),Grass,Sinnoh
509,Shaymin (Sky Forme),Grass/Flying,Sinnoh
510,Arceus,Normal,Sinnoh
511,Victini,Psychic/Fire,Unova
512,Snivy,Grass,Unova
513,Servine,Grass,Unova
514,Serperior,Grass,Unova
515,Tepig,Fire,Unova
516,Pignite,Fire/Fighting,Unova
517,Emboar,Fire/Fighting,Unova
518,Oshawott,Water,Unova
519,Dewott,Water,Unova
520,Samurott,Water,Unova
521,Patrat,Normal,Unova
522,Watchog,Normal,Unova
523,Lillipup,Normal,Unova
524,Herdier,Normal,Unova
525,Stoutland,Normal,Unova
526,Purrloin,Dark,Unova
527,Liepard,Dark,Unova
528,Pansage,Grass,Unova
529,Simisage,Grass,Unova
530,Pansear,Fire,Unova
531,Simisear,Fire,Unova
532,Panpour,Water,Unova
533,Simipour,Water,Unova
534,Munna,Psychic,Unova
535,Musharna,Psychic,Unova
536,Pidove,Normal/Flying,Unova
537,Tranquill,Normal/Flying,Unova
538,Unfezant,Normal/Flying,Unova
539,Blitzle,Electric,Unova
540,Zebstrika,Electric,Unova
541,Roggenrola,Rock,Unova
542,Boldore,Rock,Unova
543,Gigalith,Rock,Unova
544,Woobat,Psychic/Flying,Unova
545,Swoobat,Psychic/Flying,Unova
546,Drilbur,Ground,Unova
547,Excadrill,Ground/Steel,Unova
548,Audino,Normal,Unova
549,Timburr,Fighting,Unova
550,Gurdurr,Fighting,Unova
551,Conkeldurr,Fighting,Unova
552,Tympole,Water,Unova
553,Palpitoad,Water/Ground,Unova
554,Seismitoad,Water/Ground,Unova
555,Throh,Fighting,Unova
556,Sawk,Fighting,Unova
557,Sewaddle,Bug/Grass,Unova
558,Swadloon,Bug/Grass,Unova
559,Leavanny,Bug/Grass,Unova
560,Venipede,Bug/Poison,Unova
561,Whirlipede,Bug/Poison,Unova
562,Scolipede,Bug/Poison,Unova
563,Cottonee,Grass/Fairy,Unova
564,Whimsicott,Grass/Fairy,Unova
565,Petilil,Grass,Unova
566,Lilligant,Grass,Unova
567,Basculin (Red-Striped Form),Water,Unova
568,Basculin (Blue-Striped Form),Water,Unova
569,Sandile,Ground/Dark,Unova
570,Krokorok,Ground/Dark,Unova
571,Krookodile,Ground/Dark,Unova
572,Darumaka,Fire,Unova
573,Darmanitan (Standard Mode),Fire,Unova
574,Darmanitan (Zen Mode),Fire/Psychic,Unova
575,Maractus,Grass,Unova
576,Dwebble,Bug/Rock,Unova
577,Crustle,Bug/Rock,Unova
578,Scraggy,Dark/Fighting,Unova
579,Scrafty,Dark/Fighting,Unova
580,Sigilyph,Psychic/Flying,Unova
581,Yamask,Ghost,Unova
582,Cofagrigus,Ghost,Unova
583,Tirtouga,Water/Rock,Unova
584,Carracosta,Water/Rock,Unova
585,Archen,Rock/Flying,Unova
586,Archeops,Rock/Flying,Unova
587,Trubbish,Poison,Unova
588,Garbodor,Poison,Unova
589,Zorua,Dark,Unova
590,Zoroark,Dark,Unova
591,Minccino,Normal,Unova
592,Cinccino,Normal,Unova
593,Gothita,Psychic,Unova
594,Gothorita,Psychic,Unova
595,Gothitelle,Psychic,Unova
596,Solosis,Psychic,Unova
597,Duosion,Psychic,Unova
598,Reuniclus,Psychic,Unova
599,Ducklett,Water/Flying,Unova
600,Swanna,Water/Flying,Unova
601,Vanillite,Ice,Unova
602,Vanillish,Ice,Unova
603,Vanilluxe,Ice,Unova
604,Deerling,Normal/Grass,Unova
605,Sawsbuck,Normal/Grass,Unova
606,Emolga,Electric/Flying,Unova
607,Karrablast,Bug,Unova
608,Escavalier,Bug/Steel,Unova
609,Foongus,Grass/Poison,Unova
610,Amoonguss,Grass/Poison,Unova
611,Frillish,Water/Ghost,Unova
612,Jellicent,Water/Ghost,Unova
613,Alomomola,Water,Unova
614,Joltik,Bug/Electric,Unova
615,Galvantula,Bug/Electric,Unova
616,Ferroseed,Grass/Steel,Unova
617,Ferrothorn,Grass/Steel,Unova
618,Klink,Steel,Unova
619,Klang,Steel,Unova
620,Klinklang,Steel,Unova
621,Tynamo,Electric,Unova
622,Eelektrik,Electric,Unova
623,Eelektross,Electric,Unova
624,Elgyem,Psychic,Unova
625,Beheeyem,Psychic,Unova
626,Litwick,Ghost/Fire,Unova
627,Lampent,Ghost/Fire,Unova
628,Chandelure,Ghost/Fire,Unova
629,Axew,Dragon,Unova
630,Fraxure,Dragon,Unova
631,Haxorus,Dragon,Unova
632,Cubchoo,Ice,Unova
633,Beartic,Ice,Unova
634,Cryogonal,Ice,Unova
635,Shelmet,Bug,Unova
636,Accelgor,Bug,Unova
637,Stunfisk,Ground/Electric,Unova
638,Mienfoo,Fighting,Unova
639,Mienshao,Fighting,Unova
640,Druddigon,Dragon,Unova
641,Golett,Ground/Ghost,Unova
642,Golurk,Ground/Ghost,Unova
643,Pawniard,Dark/Steel,Unova
644,Bisharp,Dark/Steel,Unova
645,Bouffalant,Normal,Unova
646,Rufflet,Normal/Flying,Unova
647,Braviary,Normal/Flying,Unova
648,Vullaby,Dark/Flying,Unova
649,Mandibuzz,Dark/Flying,Unova
650,Heatmor,Fire,Unova
651,Durant,Bug/Steel,Unova
652,Deino,Dark/Dragon,Unova
653,Zweilous,Dark/Dragon,Unova
654,Hydreigon,Dark/Dragon,Unova
655,Larvesta,Bug/Fire,Unova
656,Volcarona,Bug/Fire,Unova
657,Cobalion,Steel/Fighting,Unova
658,Terrakion,Rock/Fighting,Unova
659,Virizion,Grass/Fighting,Unova
660,Tornadus (Incarnate Forme),Flying,Unova
661,Tornadus (Therian Forme),Flying,Unova
662,Thundurus (Incarnate Forme),Electric/Flying,Unova
663,Thundurus (Therian Forme),Electric/Flying,Unova
664,Reshiram,Dragon/Fire,Unova
665,Zekrom,Dragon/Electric,Unova
666,Landorus (Incarnate Forme),Ground/Flying,Unova
667,Landorus (Therian Forme),Ground/Flying,Unova
668,Kyurem,Dragon/Ice,Unova
669,Kyurem (White Kyurem),Dragon/Ice,Unova
670,Kyurem (Black Kyurem),Dragon/Ice,Unova
671,Keldeo (Ordinary Form),Water/Fighting,Unova
672,Keldeo (Resolute Form),Water/Fighting,Unova
673,Meloetta (Aria Forme),Normal/Psychic,Unova
674,Meloetta (Pirouette Forme),Normal/Fighting,Unova
675,Genesect,Bug/Steel,Unova
676,Venusaur (Mega Venusaur),Grass/Poison,Kalos
677,Charizard (Mega Charizard X),Fire/Dragon,Kalos
678,Charizard (Mega Charizard Y),Fire/Flying,Kalos
679,Blastoise (Mega Blastoise),Water,Kalos
680,Beedrill (Mega Beedrill),Bug/Poison,Kalos
681,Pidgeot (Mega Pidgeot),Normal/Flying,Kalos
682,Alakazam (Mega Alakazam),Psychic,Kalos
683,Slowbro (Mega Slowbro),Water/Psychic,Kalos
684,Gengar (Mega Gengar),Ghost/Poison,Kalos
685,Kangaskhan (Mega Kangaskhan),Normal,Kalos
686,Pinsir (Mega Pinsir),Bug/Flying,Kalos
687,Gyarados (Mega Gyarados),Water/Dark,Kalos
688,Aerodactyl (Mega Aerodactyl),Rock/Flying,Kalos
689,Mewtwo (Mega Mewtwo X),Psychic/Fighting,Kalos
690,Mewtwo (Mega Mewtwo Y),Psychic,Kalos
691,Ampharos (Mega Ampharos),Electric/Dragon,Kalos
692,Steelix (Mega Steelix),Steel/Ground,Kalos
693,Scizor (Mega Scizor),Bug/Steel,Kalos
694,Heracross (Mega Heracross),Bug/Fighting,Kalos
695,Houndoom (Mega Houndoom),Dark/Fire,Kalos
696,Tyranitar (Mega Tyranitar),Rock/Dark,Kalos
697,Sceptile (Mega Sceptile),Grass/Dragon,Kalos
698,Blaziken (Mega Blaziken),Fire/Fighting,Kalos
699,Swampert (Mega Swampert),Water/Ground,Kalos
700,Gardevoir (Mega Gardevoir),Psychic/Fairy,Kalos
701,Sableye (Mega Sableye),Dark/Ghost,Kalos
702,Mawile (Mega Mawile),Steel/Fairy,Kalos
703,Aggron (Mega Aggron),Steel,Kalos
704,Medicham (Mega Medicham),Fighting/Psychic,Kalos
705,Manectric (Mega Manectric),Electric,Kalos
706,Sharpedo (Mega Sharpedo),Water/Dark,Kalos
707,Camerupt (Mega Camerupt),Fire/Ground,Kalos
708,Altaria (Mega Altaria),Dragon/Fairy,Kalos
709,Banette (Mega Banette),Ghost,Kalos
710,Absol (Mega Absol),Dark,Kalos
711,Glalie (Mega Glalie),Ice,Kalos
712,Salamence (Mega Salamence),Dragon/Flying,Kalos
713,Metagross (Mega Metagross),Steel/Psychic,Kalos
714,Latias (Mega Latias),Dragon/Psychic,Kalos
715,Latios (Mega Latios),Dragon/Psychic,Kalos
716,Kyogre (Primal Kyogre),Water,Kalos
717,Groudon (Primal Groudon),Ground/Fire,Kalos
718,Rayquaza (Mega Rayquaza),Dragon/Flying,Kalos
719,Lopunny (Mega Lopunny),Normal/Fighting,Kalos
720,Garchomp (Mega Garchomp),Dragon/Ground,Kalos
721,Lucario (Mega Lucario),Fighting/Steel,Kalos
722,Abomasnow (Mega Abomasnow),Grass/Ice,Kalos
723,Gallade (Mega Gallade),Psychic/Fighting,Kalos
724,Audino (Mega Audino),Normal/Fairy,Kalos
725,Chespin,Grass,Kalos
726,Quilladin,Grass,Kalos
727,Chesnaught,Grass/Fighting,Kalos
728,Fennekin,Fire,Kalos
729,Braixen,Fire,Kalos
730,Delphox,Fire/Psychic,Kalos
731,Froakie,Water,Kalos
732,Frogadier,Water,Kalos
733,Greninja,Water/Dark,Kalos
734,Bunnelby,Normal,Kalos
735,Diggersby,Normal/Ground,Kalos
736,Fletchling,Normal/Flying,Kalos
737,Fletchinder,Fire/Flying,Kalos
738,Talonflame,Fire/Flying,Kalos
739,Scatterbug,Bug,Kalos
740,Spewpa,Bug,Kalos
741,Vivillon,Bug/Flying,Kalos
742,Litleo,Fire/Normal,Kalos
743,Pyroar,Fire/Normal,Kalos
744,Flabébé,Fairy,Kalos
745,Floette,Fairy,Kalos
746,Florges,Fairy,Kalos
747,Skiddo,Grass,Kalos
748,Gogoat,Grass,Kalos
749,Pancham,Fighting,Kalos
750,Pangoro,Fighting/Dark,Kalos
751,Furfrou,Normal,Kalos
752,Espurr,Psychic,Kalos
753,Meowstic (Male),Psychic,Kalos
754,Meowstic (Female),Psychic,Kalos
755,Honedge,Steel/Ghost,Kalos
756,Doublade,Steel/Ghost,Kalos
757,Aegislash (Shield Forme),Steel/Ghost,Kalos
758,Aegislash (Blade Forme),Steel/Ghost,Kalos
759,Spritzee,Fairy,Kalos
760,Aromatisse,Fairy,Kalos
761,Swirlix,Fairy,Kalos
762,Slurpuff,Fairy,Kalos
763,Inkay,Dark/Psychic,Kalos
764,Malamar,Dark/Psychic,Kalos
765,Binacle,Rock/Water,Kalos
766,Barbaracle,Rock/Water,Kalos
767,Skrelp,Poison/Water,Kalos
768,Dragalge,Poison/Dragon,Kalos
769,Clauncher,Water,Kalos
770,Clawitzer,Water,Kalos
771,Helioptile,Electric/Normal,Kalos
772,Heliolisk,Electric/Normal,Kalos
773,Tyrunt,Rock/Dragon,Kalos
774,Tyrantrum,Rock/Dragon,Kalos
775,Amaura,Rock/Ice,Kalos
776,Aurorus,Rock/Ice,Kalos
777,Sylveon,Fairy,Kalos
778,Hawlucha,Fighting/Flying,Kalos
779,Dedenne,Electric/Fairy,Kalos
780,Carbink,Rock/Fairy,Kalos
781,Goomy,Dragon,Kalos
782,Sliggoo,Dragon,Kalos
783,Goodra,Dragon,Kalos
784,Klefki,Steel/Fairy,Kalos
785,Phantump,Ghost/Grass,Kalos
786,Trevenant,Ghost/Grass,Kalos
787,Pumpkaboo (Average Size),Ghost/Grass,Kalos
788,Pumpkaboo (Small Size),Ghost/Grass,Kalos
789,Pumpkaboo (Large Size),Ghost/Grass,Kalos
790,Pumpkaboo (Super Size),Ghost/Grass,Kalos
791,Gourgeist (Average Size),Ghost/Grass,Kalos
792,Gourgeist (Small Size),Ghost/Grass,Kalos
793,Gourgeist (Large Size),Ghost/Grass,Kalos
794,Gourgeist (Super Size),Ghost/Grass,Kalos
795,Bergmite,Ice,Kalos
796,Avalugg,Ice,Kalos
797,Noibat,Flying/Dragon,Kalos
798,Noivern,Flying/Dragon,Kalos
799,Xerneas,Fairy,Kalos
800,Yveltal,Dark/Flying,Kalos
801,Zygarde50% Forme,Dragon/Ground,Kalos
802,Diancie,Rock/Fairy,Kalos
803,Diancie (Mega Diancie),Rock/Fairy,Kalos
804,Hoopa (Hoopa Confined),Psychic/Ghost,Kalos
805,Hoopa (Hoopa Unbound),Psychic/Dark,Kalos
806,Volcanion,Fire/Water,Kalos
807,Rattata (Alolan Rattata),Dark/Normal,Alola
808,Raticate (Alolan Raticate),Dark/Normal,Alola
809,Pikachu (Partner Pikachu),Electric,Alola
810,Raichu (Alolan Raichu),Electric/Psychic,Alola
811,Sandshrew (Alolan Sandshrew),Ice/Steel,Alola
812,Sandslash (Alolan Sandslash),Ice/Steel,Alola
813,Vulpix (Alolan Vulpix),Ice,Alola
814,Ninetales (Alolan Ninetales),Ice/Fairy,Alola
815,Diglett (Alolan Diglett),Ground/Steel,Alola
816,Dugtrio (Alolan Dugtrio),Ground/Steel,Alola
817,Meowth (Alolan Meowth),Dark,Alola
818,Persian (Alolan Persian),Dark,Alola
819,Geodude (Alolan Geodude),Rock/Electric,Alola
820,Graveler (Alolan Graveler),Rock/Electric,Alola
821,Golem (Alolan Golem),Rock/Electric,Alola
822,Grimer (Alolan Grimer),Poison/Dark,Alola
823,Muk (Alolan Muk),Poison/Dark,Alola
824,Exeggutor (Alolan Exeggutor),Grass/Dragon,Alola
825,Marowak (Alolan Marowak),Fire/Ghost,Alola
826,Eevee (Partner Eevee),Normal,Alola
827,Greninja (Ash-Greninja),Water/Dark,Alola
828,Zygarde10% Forme,Dragon/Ground,Alola
829,Zygarde (Complete Forme),Dragon/Ground,Alola
830,Rowlet,Grass/Flying,Alola
831,Dartrix,Grass/Flying,Alola
832,Decidueye,Grass/Ghost,Alola
833,Litten,Fire,Alola
834,Torracat,Fire,Alola
835,Incineroar,Fire/Dark,Alola
836,Popplio,Water,Alola
837,Brionne,Water,Alola
838,Primarina,Water/Fairy,Alola
839,Pikipek,Normal/Flying,Alola
840,Trumbeak,Normal/Flying,Alola
841,Toucannon,Normal/Flying,Alola
842,Yungoos,Normal,Alola
843,Gumshoos,Normal,Alola
844,Grubbin,Bug,Alola
845,Charjabug,Bug/Electric,Alola
846,Vikavolt,Bug/Electric,Alola
847,Crabrawler,Fighting,Alola
848,Crabominable,Fighting/Ice,Alola
849,Oricorio (Baile Style),Fire/Flying,Alola
850,Oricorio (Pom-Pom Style),Electric/Flying,Alola
851,Oricorio (Pa'u Style),Psychic/Flying,Alola
852,Oricorio (Sensu Style),Ghost/Flying,Alola
853,Cutiefly,Bug/Fairy,Alola
854,Ribombee,Bug/Fairy,Alola
855,Rockruff,Rock,Alola
856,Rockruff (Own Tempo Rockruff),Rock,Alola
857,Lycanroc (Midday Form),Rock,Alola
858,Lycanroc (Midnight Form),Rock,Alola
859,Lycanroc (Dusk Form),Rock,Alola
860,Wishiwashi (Solo Form),Water,Alola
861,Wishiwashi (School Form),Water,Alola
862,Mareanie,Poison/Water,Alola
863,Toxapex,Poison/Water,Alola
864,Mudbray,Ground,Alola
865,Mudsdale,Ground,Alola
866,Dewpider,Water/Bug,Alola
867,Araquanid,Water/Bug,Alola
868,Fomantis,Grass,Alola
869,Lurantis,Grass,Alola
870,Morelull,Grass/Fairy,Alola
871,Shiinotic,Grass/Fairy,Alola
872,Salandit,Poison/Fire,Alola
873,Salazzle,Poison/Fire,Alola
874,Stufful,Normal/Fighting,Alola
875,Bewear,Normal/Fighting,Alola
876,Bounsweet,Grass,Alola
877,Steenee,Grass,Alola
878,Tsareena,Grass,Alola
879,Comfey,Fairy,Alola
880,Oranguru,Normal/Psychic,Alola
881,Passimian,Fighting,Alola
882,Wimpod,Bug/Water,Alola
883,Golisopod,Bug/Water,Alola
884,Sandygast,Ghost/Ground,Alola
885,Palossand,Ghost/Ground,Alola
886,Pyukumuku,Water,Alola
887,Type: Null,Normal,Alola
888,Silvally,Normal,Alola
889,Minior (Meteor Form),Rock/Flying,Alola
890,Minior (Core Form),Rock/Flying,Alola
891,Komala,Normal,Alola
892,Turtonator,Fire/Dragon,Alola
893,Togedemaru,Electric/Steel,Alola
894,Mimikyu,Ghost/Fairy,Alola
895,Bruxish,Water/Psychic,Alola
896,Drampa,Normal/Dragon,Alola
897,Dhelmise,Ghost/Grass,Alola
898,Jangmo-o,Dragon,Alola
899,Hakamo-o,Dragon/Fighting,Alola
900,Kommo-o,Dragon/Fighting,Alola
901,Tapu Koko,Electric/Fairy,Alola
902,Tapu Lele,Psychic/Fairy,Alola
903,Tapu Bulu,Grass/Fairy,Alola
904,Tapu Fini,Water/Fairy,Alola
905,Cosmog,Psychic,Alola
906,Cosmoem,Psychic,Alola
907,Solgaleo,Psychic/Steel,Alola
908,Lunala,Psychic/Ghost,Alola
909,Nihilego,Rock/Poison,Alola
910,Buzzwole,Bug/Fighting,Alola
911,Pheromosa,Bug/Fighting,Alola
912,Xurkitree,Electric,Alola
913,Celesteela,Steel/Flying,Alola
914,Kartana,Grass/Steel,Alola
915,Guzzlord,Dark/Dragon,Alola
916,Necrozma,Psychic,Alola
917,Necrozma (Dusk Mane Necrozma),Psychic/Steel,Alola
918,Necrozma (Dawn Wings Necrozma),Psychic/Ghost,Alola
919,Necrozma (Ultra Necrozma),Psychic/Dragon,Alola
920,Magearna,Steel/Fairy,Alola
921,Marshadow,Fighting/Ghost,Alola
922,Poipole,Poison,Alola
923,Naganadel,Poison/Dragon,Alola
924,Stakataka,Rock/Steel,Alola
925,Blacephalon,Fire/Ghost,Alola
926,Zeraora,Electric,Alola
927,Meltan,Steel,Alola
928,Melmetal,Steel,Alola
929,Meowth (Galarian Meowth),Steel,Galar/Hisui
930,Growlithe (Hisuian Growlithe),Fire/Rock,Galar/Hisui
931,Arcanine (Hisuian Arcanine),Fire/Rock,Galar/Hisui
932,Ponyta (Galarian Ponyta),Psychic,Galar/Hisui
933,Rapidash (Galarian Rapidash),Psychic/Fairy,Galar/Hisui
934,Slowpoke (Galarian Slowpoke),Psychic,Galar/Hisui
935,Slowbro (Galarian Slowbro),Poison/Psychic,Galar/Hisui
936,Farfetch'd (Galarian Farfetch'd),Fighting,Galar/Hisui
937,Voltorb (Hisuian Voltorb),Electric/Grass,Galar/Hisui
938,Electrode (Hisuian Electrode),Electric/Grass,Galar/Hisui
939,Weezing (Galarian Weezing),Poison/Fairy,Galar/Hisui
940,Mr. Mime (Galarian Mr. Mime),Ice/Psychic,Galar/Hisui
941,Articuno (Galarian Articuno),Psychic/Flying,Galar/Hisui
942,Zapdos (Galarian Zapdos),Fighting/Flying,Galar/Hisui
943,Moltres (Galarian Moltres),Dark/Flying,Galar/Hisui
944,Typhlosion (Hisuian Typhlosion),Fire/Ghost,Galar/Hisui
945,Slowking (Galarian Slowking),Poison/Psychic,Galar/Hisui
946,Qwilfish (Hisuian Qwilfish),Dark/Poison,Galar/Hisui
947,Sneasel (Hisuian Sneasel),Fighting/Poison,Galar/Hisui
948,Corsola (Galarian Corsola),Ghost,Galar/Hisui
949,Zigzagoon (Galarian Zigzagoon),Dark/Normal,Galar/Hisui
950,Linoone (Galarian Linoone),Dark/Normal,Galar/Hisui
951,Dialga (Origin Forme),Steel/Dragon,Galar/Hisui
952,Palkia (Origin Forme),Water/Dragon,Galar/Hisui
953,Samurott (Hisuian Samurott),Water/Dark,Galar/Hisui
954,Lilligant (Hisuian Lilligant),Grass/Fighting,Galar/Hisui
955,Basculin (White-Striped Form),Water,Galar/Hisui
956,Darumaka (Galarian Darumaka),Ice,Galar/Hisui
957,Darmanitan (Galarian Standard Mode),Ice,Galar/Hisui
958,Darmanitan (Galarian Zen Mode),Ice/Fire,Galar/Hisui
959,Yamask (Galarian Yamask),Ground/Ghost,Galar/Hisui
960,Zorua (Hisuian Zorua),Normal/Ghost,Galar/Hisui
961,Zoroark (Hisuian Zoroark),Normal/Ghost,Galar/Hisui
962,Stunfisk (Galarian Stunfisk),Ground/Steel,Galar/Hisui
963,Braviary (Hisuian Braviary),Psychic/Flying,Galar/Hisui
964,Sliggoo (Hisuian Sliggoo),Steel/Dragon,Galar/Hisui
965,Goodra (Hisuian Goodra),Steel/Dragon,Galar/Hisui
966,Avalugg (Hisuian Avalugg),Ice/Rock,Galar/Hisui
967,Decidueye (Hisuian Decidueye),Grass/Fighting,Galar/Hisui
968,Grookey,Grass,Galar/Hisui
969,Thwackey,Grass,Galar/Hisui
970,Rillaboom,Grass,Galar/Hisui
971,Scorbunny,Fire,Galar/Hisui
972,Raboot,Fire,Galar/Hisui
973,Cinderace,Fire,Galar/Hisui
974,Sobble,Water,Galar/Hisui
975,Drizzile,Water,Galar/Hisui
976,Inteleon,Water,Galar/Hisui
977,Skwovet,Normal,Galar/Hisui
978,Greedent,Normal,Galar/Hisui
979,Rookidee,Flying,Galar/Hisui
980,Corvisquire,Flying,Galar/Hisui
981,Corviknight,Flying/Steel,Galar/Hisui
982,Blipbug,Bug,Galar/Hisui
983,Dottler,Bug/Psychic,Galar/Hisui
984,Orbeetle,Bug/Psychic,Galar/Hisui
985,Nickit,Dark,Galar/Hisui
986,Thievul,Dark,Galar/Hisui
987,Gossifleur,Grass,Galar/Hisui
988,Eldegoss,Grass,Galar/Hisui
989,Wooloo,Normal,Galar/Hisui
990,Dubwool,Normal,Galar/Hisui
991,Chewtle,Water,Galar/Hisui
992,Drednaw,Water/Rock,Galar/Hisui
993,Yamper,Electric,Galar/Hisui
994,Boltund,Electric,Galar/Hisui
995,Rolycoly,Rock,Galar/Hisui
996,Carkol,Rock/Fire,Galar/Hisui
997,Coalossal,Rock/Fire,Galar/Hisui
998,Applin,Grass/Dragon,Galar/Hisui
999,Flapple,Grass/Dragon,Galar/Hisui
1000,Appletun,Grass/Dragon,Galar/Hisui
1001,Silicobra,Ground,Galar/Hisui
1002,Sandaconda,Ground,Galar/Hisui
1003,Cramorant,Flying/Water,Galar/Hisui
1004,Arrokuda,Water,Galar/Hisui
1005,Barraskewda,Water,Galar/Hisui
1006,Toxel,Electric/Poison,Galar/Hisui
1007,Toxtricity (Amped Form),Electric/Poison,Galar/Hisui
1008,Toxtricity (Low Key Form),Electric/Poison,Galar/Hisui
1009,Sizzlipede,Fire/Bug,Galar/Hisui
1010,Centiskorch,Fire/Bug,Galar/Hisui
1011,Clobbopus,Fighting,Galar/Hisui
1012,Grapploct,Fighting,Galar/Hisui
1013,Sinistea,Ghost,Galar/Hisui
1014,Polteageist,Ghost,Galar/Hisui
1015,Hatenna,Psychic,Galar/Hisui
1016,Hattrem,Psychic,Galar/Hisui
1017,Hatterene,Psychic/Fairy,Galar/Hisui
1018,Impidimp,Dark/Fairy,Galar/Hisui
1019,Morgrem,Dark/Fairy,Galar/Hisui
1020,Grimmsnarl,Dark/Fairy,Galar/Hisui
1021,Obstagoon,Dark/Normal,Galar/Hisui
1022,Perrserker,Steel,Galar/Hisui
1023,Cursola,Ghost,Galar/Hisui
1024,Sirfetch'd,Fighting,Galar/Hisui
1025,Mr. Rime,Ice/Psychic,Galar/Hisui
1026,Runerigus,Ground/Ghost,Galar/Hisui
1027,Milcery,Fairy,Galar/Hisui
1028,Alcremie,Fairy,Galar/Hisui
1029,Falinks,Fighting,Galar/Hisui
1030,Pincurchin,Electric,Galar/Hisui
1031,Snom,Ice/Bug,Galar/Hisui
1032,Frosmoth,Ice/Bug,Galar/Hisui
1033,Stonjourner,Rock,Galar/Hisui
1034,Eiscue (Ice Face),Ice,Galar/Hisui
1035,Eiscue (Noice Face),Ice,Galar/Hisui
1036,Indeedee (Male),Psychic/Normal,Galar/Hisui
1037,Indeedee (Female),Psychic/Normal,Galar/Hisui
1038,Morpeko (Full Belly Mode),Electric/Dark,Galar/Hisui
1039,Morpeko (Hangry Mode),Electric/Dark,Galar/Hisui
1040,Cufant,Steel,Galar/Hisui
1041,Copperajah,Steel,Galar/Hisui
1042,Dracozolt,Electric/Dragon,Galar/Hisui
1043,Arctozolt,Electric/Ice,Galar/Hisui
1044,Dracovish,Water/Dragon,Galar/Hisui
1045,Arctovish,Water/Ice,Galar/Hisui
1046,Duraludon,Steel/Dragon,Galar/Hisui
1047,Dreepy,Dragon/Ghost,Galar/Hisui
1048,Drakloak,Dragon/Ghost,Galar/Hisui
1049,Dragapult,Dragon/Ghost,Galar/Hisui
1050,Zacian (Hero of Many Battles),Fairy,Galar/Hisui
1051,Zacian (Crowned Sword),Fairy/Steel,Galar/Hisui
1052,Zamazenta (Hero of Many Battles),Fighting,Galar/Hisui
1053,Zamazenta (Crowned Shield),Fighting/Steel,Galar/Hisui
1054,Eternatus,Poison/Dragon,Galar/Hisui
1055,Eternatus (Eternamax),Poison/Dragon,Galar/Hisui
1056,Kubfu,Fighting,Galar/Hisui
1057,Urshifu (Single Strike Style),Fighting/Dark,Galar/Hisui
1058,Urshifu (Rapid Strike Style),Fighting/Water,Galar/Hisui
1059,Zarude,Dark/Grass,Galar/Hisui
1060,Regieleki,Electric,Galar/Hisui
1061,Regidrago,Dragon,Galar/Hisui
1062,Glastrier,Ice,Galar/Hisui
1063,Spectrier,Ghost,Galar/Hisui
1064,Calyrex,Psychic/Grass,Galar/Hisui
1065,Calyrex (Ice Rider),Psychic/Ice,Galar/Hisui
1066,Calyrex (Shadow Rider),Psychic/Ghost,Galar/Hisui
1067,Wyrdeer,Normal/Psychic,Galar/Hisui
1068,Kleavor,Bug/Rock,Galar/Hisui
1069,Ursaluna,Ground/Normal,Galar/Hisui
1070,Basculegion (Male),Water/Ghost,Galar/Hisui
1071,Basculegion (Female),Water/Ghost,Galar/Hisui
1072,Sneasler,Fighting/Poison,Galar/Hisui
1073,Overqwil,Dark/Poison,Galar/Hisui
1074,Enamorus (Incarnate Forme),Fairy/Flying,Galar/Hisui
1075,Enamorus (Therian Forme),Fairy/Flying,Galar/Hisui
1076,Tauros (Combat Breed),Fighting,Paldea
1077,Tauros (Blaze Breed),Fighting/Fire,Paldea
1078,Tauros (Aqua Breed),Fighting/Water,Paldea
1079,Wooper (Paldean Wooper),Poison/Ground,Paldea
1080,Ursaluna (Bloodmoon),Ground/Normal,Paldea
1081,Sprigatito,Grass,Paldea
1082,Floragato,Grass,Paldea
1083,Meowscarada,Grass/Dark,Paldea
1084,Fuecoco,Fire,Paldea
1085,Crocalor,Fire,Paldea
1086,Skeledirge,Fire/Ghost,Paldea
1087,Quaxly,Water,Paldea
1088,Quaxwell,Water,Paldea
1089,Quaquaval,Water/Fighting,Paldea
1090,Lechonk,Normal,Paldea
1091,Oinkologne (Male),Normal,Paldea
1092,Oinkologne (Female),Normal,Paldea
1093,Tarountula,Bug,Paldea
1094,Spidops,Bug,Paldea
1095,Nymble,Bug,Paldea
1096,Lokix,Bug/Dark,Paldea
1097,Pawmi,Electric,Paldea
1098,Pawmo,Electric/Fighting,Paldea
1099,Pawmot,Electric/Fighting,Paldea
1100,Tandemaus,Normal,Paldea
1101,Maushold (Family of Four),Normal,Paldea
1102,Maushold (Family of Three),Normal,Paldea
1103,Fidough,Fairy,Paldea
1104,Dachsbun,Fairy,Paldea
1105,Smoliv,Grass/Normal,Paldea
1106,Dolliv,Grass/Normal,Paldea
1107,Arboliva,Grass/Normal,Paldea
1108,Squawkabilly (Green Plumage),Normal/Flying,Paldea
1109,Squawkabilly (Blue Plumage),Normal/Flying,Paldea
1110,Squawkabilly (Yellow Plumage),Normal/Flying,Paldea
1111,Squawkabilly (White Plumage),Normal/Flying,Paldea
1112,Nacli,Rock,Paldea
1113,Naclstack,Rock,Paldea
1114,Garganacl,Rock,Paldea
1115,Charcadet,Fire,Paldea
1116,Armarouge,Fire/Psychic,Paldea
1117,Ceruledge,Fire/Ghost,Paldea
1118,Tadbulb,Electric,Paldea
1119,Bellibolt,Electric,Paldea
1120,Wattrel,Electric/Flying,Paldea
1121,Kilowattrel,Electric/Flying,Paldea
1122,Maschiff,Dark,Paldea
1123,Mabosstiff,Dark,Paldea
1124,Shroodle,Poison/Normal,Paldea
1125,Grafaiai,Poison/Normal,Paldea
1126,Bramblin,Grass/Ghost,Paldea
1127,Brambleghast,Grass/Ghost,Paldea
1128,Toedscool,Ground/Grass,Paldea
1129,Toedscruel,Ground/Grass,Paldea
1130,Klawf,Rock,Paldea
1131,Capsakid,Grass,Paldea
1132,Scovillain,Grass/Fire,Paldea
1133,Rellor,Bug,Paldea
1134,Rabsca,Bug/Psychic,Paldea
1135,Flittle,Psychic,Paldea
1136,Espathra,Psychic,Paldea
1137,Tinkatink,Fairy/Steel,Paldea
1138,Tinkatuff,Fairy/Steel,Paldea
1139,Tinkaton,Fairy/Steel,Paldea
1140,Wiglett,Water,Paldea
1141,Wugtrio,Water,Paldea
1142,Bombirdier,Flying/Dark,Paldea
1143,Finizen,Water,Paldea
1144,Palafin (Zero Form),Water,Paldea
1145,Palafin (Hero Form),Water,Paldea
1146,Varoom,Steel/Poison,Paldea
1147,Revavroom,Steel/Poison,Paldea
1148,Cyclizar,Dragon/Normal,Paldea
1149,Orthworm,Steel,Paldea
1150,Glimmet,Rock/Poison,Paldea
1151,Glimmora,Rock/Poison,Paldea
1152,Greavard,Ghost,Paldea
1153,Houndstone,Ghost,Paldea
1154,Flamigo,Flying/Fighting,Paldea
1155,Cetoddle,Ice,Paldea
1156,Cetitan,Ice,Paldea
1157,Veluza,Water/Psychic,Paldea
1158,Dondozo,Water,Paldea
1159,Tatsugiri (Curly Form),Dragon/Water,Paldea
1160,Tatsugiri (Droopy Form),Dragon/Water,Paldea
1161,Tatsugiri (Stretchy Form),Dragon/Water,Paldea
1162,Annihilape,Fighting/Ghost,Paldea
1163,Clodsire,Poison/Ground,Paldea
1164,Farigiraf,Normal/Psychic,Paldea
1165,Dudunsparce (Two-Segment Form),Normal,Paldea
1166,Dudunsparce (Three-Segment Form),Normal,Paldea
1167,Kingambit,Dark/Steel,Paldea
1168,Great Tusk,Ground/Fighting,Paldea
1169,Scream Tail,Fairy/Psychic,Paldea
1170,Brute Bonnet,Grass/Dark,Paldea
1171,Flutter Mane,Ghost/Fairy,Paldea
1172,Slither Wing,Bug/Fighting,Paldea
1173,Sandy Shocks,Electric/Ground,Paldea
1174,Iron Treads,Ground/Steel,Paldea
1175,Iron Bundle,Ice/Water,Paldea
1176,Iron Hands,Fighting/Electric,Paldea
1177,Iron Jugulis,Dark/Flying,Paldea
1178,Iron Moth,Fire/Poison,Paldea
1179,Iron Thorns,Rock/Electric,Paldea
1180,Frigibax,Dragon/Ice,Paldea
1181,Arctibax,Dragon/Ice,Paldea
1182,Baxcalibur,Dragon/Ice,Paldea
1183,Gimmighoul (Chest Form),Ghost,Paldea
1184,Gimmighoul (Roaming Form),Ghost,Paldea
1185,Gholdengo,Steel/Ghost,Paldea
1186,Wo-Chien,Dark/Grass,Paldea
1187,Chien-Pao,Dark/Ice,Paldea
1188,Ting-Lu,Dark/Ground,Paldea
1189,Chi-Yu,Dark/Fire,Paldea
1190,Roaring Moon,Dragon/Dark,Paldea
1191,Iron Valiant,Fairy/Fighting,Paldea
1192,Koraidon,Fighting/Dragon,Paldea
1193,Miraidon,Electric/Dragon,Paldea
1194,Walking Wake,Water/Dragon,Paldea
1195,Iron Leaves,Grass/Psychic,Paldea
1196,Dipplin,Grass/Dragon,Paldea
1197,Poltchageist,Grass/Ghost,Paldea
1198,Sinistcha,Grass/Ghost,Paldea
1199,Okidogi,Poison/Fighting,Paldea
1200,Munkidori,Poison/Psychic,Paldea
1201,Fezandipiti,Poison/Fairy,Paldea
1202,Ogerpon (Teal Mask),Grass,Paldea
1203,Ogerpon (Wellspring Mask),Grass/Water,Paldea
1204,Ogerpon (Hearthflame Mask),Grass/Fire,Paldea
1205,Ogerpon (Cornerstone Mask),Grass/Rock,Paldea
1206,Archaludon,Steel/Dragon,Paldea
1207,Hydrapple,Grass/Dragon,Paldea
1208,Gouging Fire,Fire/Dragon,Paldea
1209,Raging Bolt,Electric/Dragon,Paldea
1210,Iron Boulder,Rock/Psychic,Paldea
1211,Iron Crown,Steel/Psychic,Paldea
1212,Terapagos (Normal Form),Normal,Paldea
1213,Terapagos (Terastal Form),Normal,Paldea
1214,Terapagos (Stellar Form),Normal,Paldea
1215,Pecharunt,Poison/Ghost,Paldea 